borocode_17,ct2010_17,cfb_votes,county,geoid
1,10000,262,061,36061010000
1,1001,607,061,36061001001
1,1002,711,061,36061001002
1,10100,94,061,36061010100
1,10200,28,061,36061010200
1,10300,237,061,36061010300
1,10400,167,061,36061010400
1,10601,1742,061,36061010601
1,10602,701,061,36061010602
1,10800,1519,061,36061010800
1,10900,22,061,36061010900
1,11000,940,061,36061011000
1,11100,491,061,36061011100
1,11201,138,061,36061011201
1,11202,40,061,36061011202
1,11203,155,061,36061011203
1,11300,8,061,36061011300
1,11401,141,061,36061011401
1,11402,314,061,36061011402
1,11500,294,061,36061011500
1,11600,532,061,36061011600
1,11700,453,061,36061011700
1,11800,1400,061,36061011800
1,11900,141,061,36061011900
1,1200,843,061,36061001200
1,12000,699,061,36061012000
1,12100,2107,061,36061012100
1,12200,555,061,36061012200
1,12400,1475,061,36061012400
1,12500,212,061,36061012500
1,12600,2623,061,36061012600
1,12700,1067,061,36061012700
1,12800,1364,061,36061012800
1,12900,1144,061,36061012900
1,1300,404,061,36061001300
1,13000,695,061,36061013000
1,13100,353,061,36061013100
1,13200,1879,061,36061013200
1,13300,829,061,36061013300
1,13400,2040,061,36061013400
1,13500,1091,061,36061013500
1,13600,3454,061,36061013600
1,13700,880,061,36061013700
1,13800,2357,061,36061013800
1,13900,1671,061,36061013900
1,14000,1482,061,36061014000
1,1401,1235,061,36061001401
1,1402,335,061,36061001402
1,14200,841,061,36061014200
1,14401,1150,061,36061014401
1,14402,1492,061,36061014402
1,14500,727,061,36061014500
1,14601,553,061,36061014601
1,14602,1504,061,36061014602
1,14700,246,061,36061014700
1,14801,583,061,36061014801
1,14802,1359,061,36061014802
1,14900,980,061,36061014900
1,15001,495,061,36061015001
1,15002,1316,061,36061015002
1,1501,1449,061,36061001501
1,1502,731,061,36061001502
1,15100,1275,061,36061015100
1,15200,1402,061,36061015200
1,15300,1640,061,36061015300
1,15400,2932,061,36061015400
1,15500,3207,061,36061015500
1,15601,710,061,36061015601
1,15602,262,061,36061015602
1,15700,2306,061,36061015700
1,15801,1228,061,36061015801
1,15802,449,061,36061015802
1,15900,2444,061,36061015900
1,1600,1057,061,36061001600
1,16001,845,061,36061016001
1,16002,488,061,36061016002
1,16100,1397,061,36061016100
1,16200,1572,061,36061016200
1,16300,1450,061,36061016300
1,16400,835,061,36061016400
1,16500,1363,061,36061016500
1,16600,727,061,36061016600
1,16700,1570,061,36061016700
1,16800,613,061,36061016800
1,16900,1745,061,36061016900
1,17000,1128,061,36061017000
1,17100,2233,061,36061017100
1,17200,615,061,36061017200
1,17300,1916,061,36061017300
1,17401,831,061,36061017401
1,17402,340,061,36061017402
1,17500,2408,061,36061017500
1,17700,2214,061,36061017700
1,17800,397,061,36061017800
1,17900,1993,061,36061017900
1,1800,680,061,36061001800
1,18000,835,061,36061018000
1,18100,2377,061,36061018100
1,18200,871,061,36061018200
1,18300,1895,061,36061018300
1,18400,1110,061,36061018400
1,18500,1214,061,36061018500
1,18600,736,061,36061018600
1,18700,2057,061,36061018700
1,18800,549,061,36061018800
1,18900,1886,061,36061018900
1,19000,783,061,36061019000
1,19100,2429,061,36061019100
1,19200,384,061,36061019200
1,19300,1653,061,36061019300
1,19400,738,061,36061019400
1,19500,1877,061,36061019500
1,19600,552,061,36061019600
1,19701,78,061,36061019701
1,19702,526,061,36061019702
1,19800,535,061,36061019800
1,19900,1517,061,36061019900
1,2000,646,061,36061002000
1,20000,520,061,36061020000
1,201,373,061,36061000201
1,20101,116,061,36061020101
1,20102,713,061,36061020102
1,202,1568,061,36061000202
1,20300,171,061,36061020300
1,20500,757,061,36061020500
1,20600,594,061,36061020600
1,20701,370,061,36061020701
1,20800,823,061,36061020800
1,20901,573,061,36061020901
1,2100,882,061,36061002100
1,21000,1465,061,36061021000
1,21100,1947,061,36061021100
1,21200,1174,061,36061021200
1,21303,831,061,36061021303
1,21400,735,061,36061021400
1,21500,590,061,36061021500
1,21600,1434,061,36061021600
1,21703,18,061,36061021703
1,21800,1173,061,36061021800
1,21900,723,061,36061021900
1,22000,987,061,36061022000
1,2201,1074,061,36061002201
1,2202,272,061,36061002202
1,22102,499,061,36061022102
1,22200,484,061,36061022200
1,22301,743,061,36061022301
1,22302,557,061,36061022302
1,22400,1022,061,36061022400
1,22500,1569,061,36061022500
1,22600,687,061,36061022600
1,22700,761,061,36061022700
1,22800,1013,061,36061022800
1,22900,1055,061,36061022900
1,23000,1177,061,36061023000
1,23100,954,061,36061023100
1,23200,1163,061,36061023200
1,23300,948,061,36061023300
1,23400,783,061,36061023400
1,23501,1034,061,36061023501
1,23502,313,061,36061023502
1,23600,1857,061,36061023600
1,23700,943,061,36061023700
1,23801,866,061,36061023801
1,23802,397,061,36061023802
1,23900,431,061,36061023900
1,2400,568,061,36061002400
1,24000,24,061,36061024000
1,24100,1630,061,36061024100
1,24200,513,061,36061024200
1,24301,511,061,36061024301
1,24302,919,061,36061024302
1,24500,1531,061,36061024500
1,24700,1027,061,36061024700
1,24900,167,061,36061024900
1,2500,649,061,36061002500
1,25100,288,061,36061025100
1,25300,1303,061,36061025300
1,25500,765,061,36061025500
1,25700,838,061,36061025700
1,25900,605,061,36061025900
1,2601,472,061,36061002601
1,2602,580,061,36061002602
1,26100,1084,061,36061026100
1,26300,950,061,36061026300
1,26500,1190,061,36061026500
1,26700,178,061,36061026700
1,26900,804,061,36061026900
1,2700,201,061,36061002700
1,27100,1207,061,36061027100
1,27300,1735,061,36061027300
1,27500,991,061,36061027500
1,27700,702,061,36061027700
1,27900,1246,061,36061027900
1,2800,1247,061,36061002800
1,28100,830,061,36061028100
1,28300,1237,061,36061028300
1,28500,887,061,36061028500
1,28700,580,061,36061028700
1,2900,529,061,36061002900
1,29100,1211,061,36061029100
1,29300,917,061,36061029300
1,29500,1460,061,36061029500
1,29700,3,061,36061029700
1,29900,469,061,36061029900
1,3001,572,061,36061003001
1,3002,533,061,36061003002
1,30300,842,061,36061030300
1,30700,1073,061,36061030700
1,3100,229,061,36061003100
1,31703,696,061,36061031703
1,31704,1417,061,36061031704
1,3200,1548,061,36061003200
1,3300,867,061,36061003300
1,3400,1011,061,36061003400
1,3601,440,061,36061003601
1,3602,329,061,36061003602
1,3700,468,061,36061003700
1,3800,1439,061,36061003800
1,3900,1148,061,36061003900
1,4000,1139,061,36061004000
1,4100,822,061,36061004100
1,4200,462,061,36061004200
1,4300,700,061,36061004300
1,4400,4135,061,36061004400
1,4500,164,061,36061004500
1,4700,386,061,36061004700
1,4800,1105,061,36061004800
1,4900,815,061,36061004900
1,5000,864,061,36061005000
1,5200,523,061,36061005200
1,5400,1004,061,36061005400
1,5501,1035,061,36061005501
1,5502,292,061,36061005502
1,5600,429,061,36061005600
1,5700,543,061,36061005700
1,5800,353,061,36061005800
1,5900,1149,061,36061005900
1,600,1372,061,36061000600
1,6000,1353,061,36061006000
1,6100,831,061,36061006100
1,6200,459,061,36061006200
1,6300,1286,061,36061006300
1,6400,1479,061,36061006400
1,6500,840,061,36061006500
1,6600,1933,061,36061006600
1,6700,970,061,36061006700
1,6800,956,061,36061006800
1,6900,376,061,36061006900
1,700,819,061,36061000700
1,7000,1246,061,36061007000
1,7100,1034,061,36061007100
1,7200,1003,061,36061007200
1,7300,1120,061,36061007300
1,7400,480,061,36061007400
1,7500,890,061,36061007500
1,7600,182,061,36061007600
1,7700,1165,061,36061007700
1,7800,1030,061,36061007800
1,7900,855,061,36061007900
1,800,894,061,36061000800
1,8000,858,061,36061008000
1,8100,1507,061,36061008100
1,8200,446,061,36061008200
1,8300,567,061,36061008300
1,8400,97,061,36061008400
1,8601,203,061,36061008601
1,8602,1,061,36061008602
1,8603,908,061,36061008603
1,8700,993,061,36061008700
1,8800,1259,061,36061008800
1,8900,935,061,36061008900
1,900,191,061,36061000900
1,9000,980,061,36061009000
1,9100,1099,061,36061009100
1,9200,165,061,36061009200
1,9300,2278,061,36061009300
1,9400,7,061,36061009400
1,9500,374,061,36061009500
1,9600,12,061,36061009600
1,9700,1378,061,36061009700
1,9800,1038,061,36061009800
1,9900,522,061,36061009900
2,11000,9,005,36005011000
2,11502,272,005,36005011502
2,11700,146,005,36005011700
2,11800,1067,005,36005011800
2,11900,530,005,36005011900
2,12101,233,005,36005012101
2,12102,82,005,36005012102
2,12300,370,005,36005012300
2,12500,298,005,36005012500
2,12701,223,005,36005012701
2,12901,309,005,36005012901
2,13000,187,005,36005013000
2,13100,381,005,36005013100
2,13200,969,005,36005013200
2,13300,736,005,36005013300
2,13500,409,005,36005013500
2,13800,689,005,36005013800
2,14100,402,005,36005014100
2,14300,115,005,36005014300
2,14400,730,005,36005014400
2,14500,559,005,36005014500
2,14701,547,005,36005014701
2,14702,501,005,36005014702
2,14900,411,005,36005014900
2,15100,438,005,36005015100
2,15200,324,005,36005015200
2,15300,396,005,36005015300
2,15500,262,005,36005015500
2,15700,352,005,36005015700
2,15800,196,005,36005015800
2,15900,216,005,36005015900
2,1600,714,005,36005001600
2,16000,658,005,36005016000
2,16100,367,005,36005016100
2,16200,242,005,36005016200
2,16300,2,005,36005016300
2,16400,231,005,36005016400
2,16500,99,005,36005016500
2,16600,330,005,36005016600
2,16700,244,005,36005016700
2,16900,163,005,36005016900
2,17300,462,005,36005017300
2,17500,592,005,36005017500
2,17701,305,005,36005017701
2,17702,292,005,36005017702
2,17901,396,005,36005017901
2,17902,222,005,36005017902
2,18101,233,005,36005018101
2,18102,564,005,36005018102
2,18301,683,005,36005018301
2,18302,328,005,36005018302
2,18400,592,005,36005018400
2,18500,620,005,36005018500
2,18900,624,005,36005018900
2,1900,226,005,36005001900
2,19300,535,005,36005019300
2,19400,188,005,36005019400
2,19500,671,005,36005019500
2,19700,464,005,36005019700
2,19900,598,005,36005019900
2,200,488,005,36005000200
2,2000,854,005,36005002000
2,20000,544,005,36005020000
2,20100,329,005,36005020100
2,20200,170,005,36005020200
2,20400,177,005,36005020400
2,20501,733,005,36005020501
2,20502,237,005,36005020502
2,20601,274,005,36005020601
2,20900,436,005,36005020900
2,21001,1239,005,36005021001
2,21002,1230,005,36005021002
2,21100,482,005,36005021100
2,21200,962,005,36005021200
2,21301,114,005,36005021301
2,21302,617,005,36005021302
2,21501,328,005,36005021501
2,21502,374,005,36005021502
2,21601,353,005,36005021601
2,21602,745,005,36005021602
2,21700,439,005,36005021700
2,21800,539,005,36005021800
2,21900,88,005,36005021900
2,22000,93,005,36005022000
2,22101,291,005,36005022101
2,22102,348,005,36005022102
2,22200,251,005,36005022200
2,22300,500,005,36005022300
2,22401,280,005,36005022401
2,22403,344,005,36005022403
2,22404,633,005,36005022404
2,22500,464,005,36005022500
2,22701,392,005,36005022701
2,22702,132,005,36005022702
2,22703,109,005,36005022703
2,22800,703,005,36005022800
2,22901,290,005,36005022901
2,22902,200,005,36005022902
2,2300,576,005,36005002300
2,23000,189,005,36005023000
2,23100,118,005,36005023100
2,23200,235,005,36005023200
2,23301,380,005,36005023301
2,23302,290,005,36005023302
2,23501,218,005,36005023501
2,23502,444,005,36005023502
2,23600,113,005,36005023600
2,23702,63,005,36005023702
2,23703,261,005,36005023703
2,23704,233,005,36005023704
2,23800,211,005,36005023800
2,23900,448,005,36005023900
2,24000,265,005,36005024000
2,24100,423,005,36005024100
2,24300,476,005,36005024300
2,24400,304,005,36005024400
2,24501,327,005,36005024501
2,24502,253,005,36005024502
2,24600,289,005,36005024600
2,24700,156,005,36005024700
2,24800,424,005,36005024800
2,2500,327,005,36005002500
2,25000,320,005,36005025000
2,25100,505,005,36005025100
2,25200,324,005,36005025200
2,25300,461,005,36005025300
2,25400,229,005,36005025400
2,25500,457,005,36005025500
2,25600,203,005,36005025600
2,25700,149,005,36005025700
2,26100,573,005,36005026100
2,26300,453,005,36005026300
2,26400,712,005,36005026400
2,26500,417,005,36005026500
2,26601,484,005,36005026601
2,26602,786,005,36005026602
2,26701,245,005,36005026701
2,26702,629,005,36005026702
2,26900,453,005,36005026900
2,2701,300,005,36005002701
2,2702,325,005,36005002702
2,27300,741,005,36005027300
2,27401,930,005,36005027401
2,27402,720,005,36005027402
2,27700,498,005,36005027700
2,27900,947,005,36005027900
2,2800,1390,005,36005002800
2,28100,1015,005,36005028100
2,28300,217,005,36005028300
2,28400,21,005,36005028400
2,28500,393,005,36005028500
2,28600,132,005,36005028600
2,28700,309,005,36005028700
2,28800,593,005,36005028800
2,28900,587,005,36005028900
2,29301,548,005,36005029301
2,29302,1571,005,36005029302
2,29500,862,005,36005029500
2,29600,197,005,36005029600
2,29700,1035,005,36005029700
2,30000,804,005,36005030000
2,30100,355,005,36005030100
2,30200,2595,005,36005030200
2,30701,1441,005,36005030701
2,30900,1855,005,36005030900
2,3100,173,005,36005003100
2,31000,778,005,36005031000
2,31200,225,005,36005031200
2,31400,301,005,36005031400
2,31600,258,005,36005031600
2,31800,260,005,36005031800
2,31900,62,005,36005031900
2,32300,1339,005,36005032300
2,32400,405,005,36005032400
2,32600,394,005,36005032600
2,32800,445,005,36005032800
2,3300,312,005,36005003300
2,33000,505,005,36005033000
2,33201,533,005,36005033201
2,33202,467,005,36005033202
2,33400,3,005,36005033400
2,33500,410,005,36005033500
2,33600,653,005,36005033600
2,33700,581,005,36005033700
2,33800,251,005,36005033800
2,34000,446,005,36005034000
2,34200,197,005,36005034200
2,34300,293,005,36005034300
2,34400,200,005,36005034400
2,34500,656,005,36005034500
2,34800,845,005,36005034800
2,3500,320,005,36005003500
2,35000,276,005,36005035000
2,35100,427,005,36005035100
2,35600,346,005,36005035600
2,35800,1030,005,36005035800
2,35900,188,005,36005035900
2,36000,360,005,36005036000
2,36100,572,005,36005036100
2,36300,614,005,36005036300
2,36400,315,005,36005036400
2,36501,258,005,36005036501
2,36502,125,005,36005036502
2,36700,175,005,36005036700
2,36800,244,005,36005036800
2,36901,173,005,36005036901
2,36902,195,005,36005036902
2,3700,18,005,36005003700
2,37000,335,005,36005037000
2,37100,446,005,36005037100
2,37200,230,005,36005037200
2,37300,436,005,36005037300
2,37400,462,005,36005037400
2,37504,251,005,36005037504
2,37600,289,005,36005037600
2,37800,303,005,36005037800
2,37900,451,005,36005037900
2,3800,128,005,36005003800
2,38000,673,005,36005038000
2,38100,414,005,36005038100
2,38200,312,005,36005038200
2,38301,216,005,36005038301
2,38302,390,005,36005038302
2,38500,293,005,36005038500
2,38600,924,005,36005038600
2,38700,213,005,36005038700
2,38800,371,005,36005038800
2,38900,170,005,36005038900
2,3900,444,005,36005003900
2,39000,328,005,36005039000
2,39100,355,005,36005039100
2,39200,143,005,36005039200
2,39300,664,005,36005039300
2,39400,482,005,36005039400
2,39500,247,005,36005039500
2,39600,354,005,36005039600
2,39700,131,005,36005039700
2,39800,355,005,36005039800
2,39901,250,005,36005039901
2,39902,291,005,36005039902
2,400,820,005,36005000400
2,4001,180,005,36005004001
2,40100,224,005,36005040100
2,40302,147,005,36005040302
2,40303,293,005,36005040303
2,40304,193,005,36005040304
2,40400,380,005,36005040400
2,40501,222,005,36005040501
2,40502,491,005,36005040502
2,40600,319,005,36005040600
2,40701,164,005,36005040701
2,40702,537,005,36005040702
2,40800,344,005,36005040800
2,40900,864,005,36005040900
2,4100,562,005,36005004100
2,41100,225,005,36005041100
2,41300,668,005,36005041300
2,41400,568,005,36005041400
2,41500,533,005,36005041500
2,41800,283,005,36005041800
2,41900,574,005,36005041900
2,4200,1021,005,36005004200
2,42000,312,005,36005042000
2,42100,482,005,36005042100
2,42200,356,005,36005042200
2,42300,253,005,36005042300
2,42400,344,005,36005042400
2,42500,359,005,36005042500
2,42600,917,005,36005042600
2,42800,321,005,36005042800
2,42901,256,005,36005042901
2,42902,315,005,36005042902
2,4300,527,005,36005004300
2,43000,421,005,36005043000
2,43100,891,005,36005043100
2,43400,260,005,36005043400
2,43500,41,005,36005043500
2,43600,256,005,36005043600
2,4400,494,005,36005004400
2,44200,328,005,36005044200
2,44400,502,005,36005044400
2,44800,317,005,36005044800
2,44901,349,005,36005044901
2,44902,339,005,36005044902
2,45101,348,005,36005045101
2,45102,371,005,36005045102
2,45600,370,005,36005045600
2,45800,554,005,36005045800
2,4600,225,005,36005004600
2,46000,356,005,36005046000
2,46201,6452,005,36005046201
2,46202,1146,005,36005046202
2,4800,232,005,36005004800
2,48400,495,005,36005048400
2,5001,296,005,36005005001
2,5002,290,005,36005005002
2,5100,580,005,36005005100
2,51600,1238,005,36005051600
2,5200,173,005,36005005200
2,5300,400,005,36005005300
2,5400,378,005,36005005400
2,5600,226,005,36005005600
2,5902,410,005,36005005902
2,6000,87,005,36005006000
2,6100,1126,005,36005006100
2,6200,569,005,36005006200
2,6300,539,005,36005006300
2,6400,313,005,36005006400
2,6500,407,005,36005006500
2,6700,652,005,36005006700
2,6800,255,005,36005006800
2,6900,534,005,36005006900
2,7000,339,005,36005007000
2,7100,229,005,36005007100
2,7200,452,005,36005007200
2,7300,350,005,36005007300
2,7400,635,005,36005007400
2,7500,587,005,36005007500
2,7600,392,005,36005007600
2,7700,164,005,36005007700
2,7800,548,005,36005007800
2,7900,452,005,36005007900
2,8300,452,005,36005008300
2,8400,215,005,36005008400
2,8500,537,005,36005008500
2,8600,375,005,36005008600
2,8700,492,005,36005008700
2,8900,237,005,36005008900
2,9000,342,005,36005009000
2,9200,416,005,36005009200
2,9300,435,005,36005009300
2,9600,232,005,36005009600
2,9800,618,005,36005009800
3,100,1336,047,36047000100
3,10000,279,047,36047010000
3,100400,396,047,36047100400
3,100600,362,047,36047100600
3,100800,330,047,36047100800
3,10100,562,047,36047010100
3,101000,316,047,36047101000
3,101200,316,047,36047101200
3,101400,353,047,36047101400
3,101600,256,047,36047101600
3,101800,375,047,36047101800
3,10200,233,047,36047010200
3,102000,449,047,36047102000
3,102200,307,047,36047102200
3,102400,308,047,36047102400
3,102600,417,047,36047102600
3,102800,219,047,36047102800
3,103400,480,047,36047103400
3,10400,159,047,36047010400
3,105801,1255,047,36047105801
3,105804,1257,047,36047105804
3,10600,129,047,36047010600
3,107000,350,047,36047107000
3,107800,1032,047,36047107800
3,10800,202,047,36047010800
3,109800,169,047,36047109800
3,1100,170,047,36047001100
3,11000,110,047,36047011000
3,110400,582,047,36047110400
3,110600,577,047,36047110600
3,111000,486,047,36047111000
3,111600,452,047,36047111600
3,111800,269,047,36047111800
3,11200,508,047,36047011200
3,112000,345,047,36047112000
3,112200,357,047,36047112200
3,112400,465,047,36047112400
3,112600,488,047,36047112600
3,112800,492,047,36047112800
3,113000,485,047,36047113000
3,113200,294,047,36047113200
3,113400,244,047,36047113400
3,11400,261,047,36047011400
3,114201,139,047,36047114201
3,114202,213,047,36047114202
3,114400,232,047,36047114400
3,114600,200,047,36047114600
3,115000,239,047,36047115000
3,115200,353,047,36047115200
3,115600,418,047,36047115600
3,115800,331,047,36047115800
3,11600,166,047,36047011600
3,116000,411,047,36047116000
3,116200,371,047,36047116200
3,116400,429,047,36047116400
3,116600,241,047,36047116600
3,116800,124,047,36047116800
3,11700,476,047,36047011700
3,117000,105,047,36047117000
3,117201,175,047,36047117201
3,117202,277,047,36047117202
3,117400,273,047,36047117400
3,117601,173,047,36047117601
3,117602,183,047,36047117602
3,117800,92,047,36047117800
3,11800,84,047,36047011800
3,118201,186,047,36047118201
3,118202,207,047,36047118202
3,118400,315,047,36047118400
3,118600,232,047,36047118600
3,118800,231,047,36047118800
3,11900,241,047,36047011900
3,119000,127,047,36047119000
3,119200,269,047,36047119200
3,119400,323,047,36047119400
3,119600,460,047,36047119600
3,119800,213,047,36047119800
3,12000,49,047,36047012000
3,120000,221,047,36047120000
3,120200,100,047,36047120200
3,120800,1311,047,36047120800
3,12100,380,047,36047012100
3,121000,333,047,36047121000
3,121400,447,047,36047121400
3,12200,295,047,36047012200
3,122000,705,047,36047122000
3,123700,184,047,36047123700
3,12600,263,047,36047012600
3,12700,693,047,36047012700
3,12801,159,047,36047012801
3,12901,516,047,36047012901
3,12902,503,047,36047012902
3,1300,588,047,36047001300
3,13000,841,047,36047013000
3,13100,951,047,36047013100
3,13200,232,047,36047013200
3,13300,960,047,36047013300
3,13400,758,047,36047013400
3,13500,1002,047,36047013500
3,13600,791,047,36047013600
3,13700,845,047,36047013700
3,13800,501,047,36047013800
3,13900,854,047,36047013900
3,14000,355,047,36047014000
3,14100,671,047,36047014100
3,14200,455,047,36047014200
3,14300,598,047,36047014300
3,14500,691,047,36047014500
3,14700,486,047,36047014700
3,14800,259,047,36047014800
3,14900,1460,047,36047014900
3,1500,1089,047,36047001500
3,15000,279,047,36047015000
3,150200,743,047,36047150200
3,15100,1103,047,36047015100
3,15200,393,047,36047015200
3,152200,787,047,36047152200
3,15300,722,047,36047015300
3,15500,990,047,36047015500
3,15700,1270,047,36047015700
3,15900,1540,047,36047015900
3,16000,633,047,36047016000
3,16100,753,047,36047016100
3,16200,460,047,36047016200
3,16300,825,047,36047016300
3,16400,66,047,36047016400
3,16500,1394,047,36047016500
3,16600,519,047,36047016600
3,16700,1327,047,36047016700
3,16800,289,047,36047016800
3,16900,1276,047,36047016900
3,17000,445,047,36047017000
3,17100,1138,047,36047017100
3,17200,366,047,36047017200
3,17400,240,047,36047017400
3,17500,1,047,36047017500
3,17600,254,047,36047017600
3,17800,168,047,36047017800
3,17900,959,047,36047017900
3,1800,2,047,36047001800
3,18000,270,047,36047018000
3,18100,1026,047,36047018100
3,18200,272,047,36047018200
3,18300,682,047,36047018300
3,18400,338,047,36047018400
3,18501,538,047,36047018501
3,18600,281,047,36047018600
3,18700,234,047,36047018700
3,18800,332,047,36047018800
3,19000,311,047,36047019000
3,19100,393,047,36047019100
3,19200,223,047,36047019200
3,19300,1323,047,36047019300
3,19400,196,047,36047019400
3,19500,1049,047,36047019500
3,19600,326,047,36047019600
3,19700,1094,047,36047019700
3,19800,241,047,36047019800
3,19900,836,047,36047019900
3,200,71,047,36047000200
3,2000,70,047,36047002000
3,20000,247,047,36047020000
3,20100,1054,047,36047020100
3,20200,356,047,36047020200
3,20300,501,047,36047020300
3,20400,405,047,36047020400
3,20500,733,047,36047020500
3,20600,429,047,36047020600
3,20700,1483,047,36047020700
3,20800,342,047,36047020800
3,2100,641,047,36047002100
3,21000,280,047,36047021000
3,21100,325,047,36047021100
3,21200,227,047,36047021200
3,21300,1015,047,36047021300
3,21400,136,047,36047021400
3,21500,1638,047,36047021500
3,21600,339,047,36047021600
3,21700,820,047,36047021700
3,21800,323,047,36047021800
3,21900,765,047,36047021900
3,2200,510,047,36047002200
3,22000,560,047,36047022000
3,22100,768,047,36047022100
3,22200,590,047,36047022200
3,22400,504,047,36047022400
3,22600,126,047,36047022600
3,22700,764,047,36047022700
3,22800,361,047,36047022800
3,22900,805,047,36047022900
3,2300,528,047,36047002300
3,23000,468,047,36047023000
3,23100,728,047,36047023100
3,23200,834,047,36047023200
3,23300,901,047,36047023300
3,23400,870,047,36047023400
3,23500,381,047,36047023500
3,23600,926,047,36047023600
3,23800,582,047,36047023800
3,24000,530,047,36047024000
3,24100,401,047,36047024100
3,24200,291,047,36047024200
3,24300,583,047,36047024300
3,24400,387,047,36047024400
3,24500,733,047,36047024500
3,24600,273,047,36047024600
3,24700,364,047,36047024700
3,24800,199,047,36047024800
3,24900,767,047,36047024900
3,25000,111,047,36047025000
3,25100,608,047,36047025100
3,25200,367,047,36047025200
3,25300,447,047,36047025300
3,25400,263,047,36047025400
3,25500,492,047,36047025500
3,25600,260,047,36047025600
3,25700,250,047,36047025700
3,25800,347,047,36047025800
3,25901,223,047,36047025901
3,25902,364,047,36047025902
3,26000,257,047,36047026000
3,26100,734,047,36047026100
3,26200,208,047,36047026200
3,26300,255,047,36047026300
3,26400,286,047,36047026400
3,26500,556,047,36047026500
3,26600,265,047,36047026600
3,26700,759,047,36047026700
3,26800,308,047,36047026800
3,26900,492,047,36047026900
3,27000,148,047,36047027000
3,27100,535,047,36047027100
3,27200,229,047,36047027200
3,27300,476,047,36047027300
3,27400,277,047,36047027400
3,27500,642,047,36047027500
3,27600,203,047,36047027600
3,27700,526,047,36047027700
3,27800,197,047,36047027800
3,27900,530,047,36047027900
3,28000,198,047,36047028000
3,28100,496,047,36047028100
3,28200,275,047,36047028200
3,28300,430,047,36047028300
3,28400,244,047,36047028400
3,28501,33,047,36047028501
3,28502,389,047,36047028502
3,28600,398,047,36047028600
3,28700,347,047,36047028700
3,28800,245,047,36047028800
3,28900,510,047,36047028900
3,29000,310,047,36047029000
3,2901,314,047,36047002901
3,29100,529,047,36047029100
3,29200,139,047,36047029200
3,29300,536,047,36047029300
3,29400,163,047,36047029400
3,29500,771,047,36047029500
3,29600,421,047,36047029600
3,29700,795,047,36047029700
3,29800,284,047,36047029800
3,29900,301,047,36047029900
3,3000,410,047,36047003000
3,30000,247,047,36047030000
3,301,952,047,36047000301
3,30100,315,047,36047030100
3,30200,289,047,36047030200
3,30300,561,047,36047030300
3,30400,385,047,36047030400
3,30500,1606,047,36047030500
3,30600,186,047,36047030600
3,30700,667,047,36047030700
3,30800,276,047,36047030800
3,30900,259,047,36047030900
3,3100,618,047,36047003100
3,31100,406,047,36047031100
3,31300,946,047,36047031300
3,31400,765,047,36047031400
3,31500,1043,047,36047031500
3,31701,660,047,36047031701
3,31702,644,047,36047031702
3,31900,711,047,36047031900
3,32100,992,047,36047032100
3,32300,752,047,36047032300
3,32500,1357,047,36047032500
3,32600,486,047,36047032600
3,32700,595,047,36047032700
3,32800,355,047,36047032800
3,32900,906,047,36047032900
3,3300,698,047,36047003300
3,33000,499,047,36047033000
3,33100,390,047,36047033100
3,33300,388,047,36047033300
3,33500,315,047,36047033500
3,33600,464,047,36047033600
3,33700,488,047,36047033700
3,33900,914,047,36047033900
3,3400,698,047,36047003400
3,34000,257,047,36047034000
3,34100,487,047,36047034100
3,34200,766,047,36047034200
3,34300,802,047,36047034300
3,34500,355,047,36047034500
3,34700,470,047,36047034700
3,34800,68,047,36047034800
3,34900,663,047,36047034900
3,3500,420,047,36047003500
3,35000,394,047,36047035000
3,35100,487,047,36047035100
3,35200,154,047,36047035200
3,35300,667,047,36047035300
3,35400,1220,047,36047035400
3,35500,573,047,36047035500
3,35601,670,047,36047035601
3,35602,916,047,36047035602
3,35700,255,047,36047035700
3,35900,554,047,36047035900
3,3600,844,047,36047003600
3,36001,242,047,36047036001
3,36002,439,047,36047036002
3,36100,231,047,36047036100
3,36200,163,047,36047036200
3,36300,637,047,36047036300
3,36400,166,047,36047036400
3,36501,620,047,36047036501
3,36502,120,047,36047036502
3,36600,255,047,36047036600
3,36700,155,047,36047036700
3,36900,623,047,36047036900
3,3700,258,047,36047003700
3,37000,495,047,36047037000
3,37100,626,047,36047037100
3,37300,539,047,36047037300
3,37401,448,047,36047037401
3,37402,421,047,36047037402
3,37500,442,047,36047037500
3,37700,617,047,36047037700
3,37900,549,047,36047037900
3,3800,390,047,36047003800
3,38100,770,047,36047038100
3,38200,578,047,36047038200
3,38300,724,047,36047038300
3,38500,572,047,36047038500
3,38600,262,047,36047038600
3,38700,532,047,36047038700
3,38800,299,047,36047038800
3,38900,295,047,36047038900
3,3900,358,047,36047003900
3,39000,154,047,36047039000
3,39100,439,047,36047039100
3,39200,167,047,36047039200
3,39300,405,047,36047039300
3,39400,125,047,36047039400
3,39500,417,047,36047039500
3,39600,171,047,36047039600
3,39700,427,047,36047039700
3,39800,185,047,36047039800
3,39900,353,047,36047039900
3,40000,231,047,36047040000
3,40100,316,047,36047040100
3,40200,211,047,36047040200
3,40300,428,047,36047040300
3,40400,227,047,36047040400
3,40500,140,047,36047040500
3,40600,260,047,36047040600
3,40800,305,047,36047040800
3,40900,278,047,36047040900
3,4100,648,047,36047004100
3,41000,251,047,36047041000
3,41100,341,047,36047041100
3,41200,264,047,36047041200
3,41300,430,047,36047041300
3,41401,140,047,36047041401
3,41402,170,047,36047041402
3,41500,397,047,36047041500
3,41600,175,047,36047041600
3,41700,429,047,36047041700
3,41800,235,047,36047041800
3,41900,403,047,36047041900
3,42000,266,047,36047042000
3,42100,390,047,36047042100
3,42200,274,047,36047042200
3,42300,350,047,36047042300
3,42400,347,047,36047042400
3,42500,341,047,36047042500
3,42600,280,047,36047042600
3,42700,386,047,36047042700
3,42800,400,047,36047042800
3,42900,400,047,36047042900
3,4300,751,047,36047004300
3,43000,230,047,36047043000
3,43100,386,047,36047043100
3,43200,264,047,36047043200
3,43300,369,047,36047043300
3,43400,291,047,36047043400
3,43500,427,047,36047043500
3,43600,319,047,36047043600
3,43700,493,047,36047043700
3,43800,223,047,36047043800
3,43900,356,047,36047043900
3,4400,824,047,36047004400
3,44000,243,047,36047044000
3,44100,389,047,36047044100
3,44200,309,047,36047044200
3,44300,411,047,36047044300
3,44400,339,047,36047044400
3,44500,458,047,36047044500
3,44600,210,047,36047044600
3,44700,243,047,36047044700
3,44800,371,047,36047044800
3,44900,471,047,36047044900
3,4500,911,047,36047004500
3,45000,87,047,36047045000
3,45200,377,047,36047045200
3,45300,150,047,36047045300
3,45400,252,047,36047045400
3,45600,295,047,36047045600
3,45800,239,047,36047045800
3,4600,327,047,36047004600
3,46000,464,047,36047046000
3,46201,378,047,36047046201
3,46202,237,047,36047046202
3,46400,399,047,36047046400
3,46800,252,047,36047046800
3,4700,411,047,36047004700
3,47000,360,047,36047047000
3,47200,433,047,36047047200
3,47400,541,047,36047047400
3,47600,716,047,36047047600
3,47700,677,047,36047047700
3,47800,571,047,36047047800
3,48000,408,047,36047048000
3,48100,462,047,36047048100
3,48200,555,047,36047048200
3,48400,548,047,36047048400
3,48500,328,047,36047048500
3,48600,347,047,36047048600
3,48800,774,047,36047048800
3,48900,520,047,36047048900
3,4900,567,047,36047004900
3,49000,788,047,36047049000
3,49100,881,047,36047049100
3,49200,410,047,36047049200
3,49300,994,047,36047049300
3,49400,889,047,36047049400
3,49500,409,047,36047049500
3,49600,613,047,36047049600
3,49700,536,047,36047049700
3,49800,761,047,36047049800
3,49900,279,047,36047049900
3,5000,621,047,36047005000
3,50000,1049,047,36047050000
3,501,887,047,36047000501
3,50100,498,047,36047050100
3,502,758,047,36047000502
3,50202,694,047,36047050202
3,50300,450,047,36047050300
3,50400,1158,047,36047050400
3,50500,670,047,36047050500
3,50600,975,047,36047050600
3,50700,89,047,36047050700
3,50801,559,047,36047050801
3,50803,365,047,36047050803
3,50804,1073,047,36047050804
3,50900,82,047,36047050900
3,5100,543,047,36047005100
3,51001,579,047,36047051001
3,51002,696,047,36047051002
3,51100,535,047,36047051100
3,51200,977,047,36047051200
3,51300,673,047,36047051300
3,51400,1230,047,36047051400
3,51500,279,047,36047051500
3,51601,675,047,36047051601
3,51602,531,047,36047051602
3,51700,263,047,36047051700
3,51800,684,047,36047051800
3,51900,664,047,36047051900
3,52000,841,047,36047052000
3,5201,606,047,36047005201
3,5202,704,047,36047005202
3,52300,724,047,36047052300
3,52500,340,047,36047052500
3,52600,851,047,36047052600
3,52700,874,047,36047052700
3,52800,379,047,36047052800
3,52900,114,047,36047052900
3,5300,476,047,36047005300
3,53000,345,047,36047053000
3,53100,115,047,36047053100
3,53200,406,047,36047053200
3,53300,108,047,36047053300
3,53400,433,047,36047053400
3,53500,74,047,36047053500
3,53700,65,047,36047053700
3,53800,581,047,36047053800
3,53900,140,047,36047053900
3,5400,749,047,36047005400
3,54200,550,047,36047054200
3,54300,61,047,36047054300
3,54400,414,047,36047054400
3,54500,650,047,36047054500
3,54600,453,047,36047054600
3,54700,337,047,36047054700
3,54800,264,047,36047054800
3,54900,301,047,36047054900
3,55000,320,047,36047055000
3,55100,630,047,36047055100
3,55200,296,047,36047055200
3,55300,362,047,36047055300
3,55400,264,047,36047055400
3,55500,679,047,36047055500
3,55600,354,047,36047055600
3,55700,169,047,36047055700
3,55800,297,047,36047055800
3,56000,354,047,36047056000
3,5601,666,047,36047005601
3,5602,365,047,36047005602
3,56100,621,047,36047056100
3,56200,220,047,36047056200
3,56300,853,047,36047056300
3,56400,376,047,36047056400
3,56500,663,047,36047056500
3,56600,424,047,36047056600
3,56800,283,047,36047056800
3,56900,265,047,36047056900
3,57000,680,047,36047057000
3,57100,678,047,36047057100
3,57200,555,047,36047057200
3,57300,428,047,36047057300
3,57400,245,047,36047057400
3,57500,709,047,36047057500
3,57600,289,047,36047057600
3,57800,250,047,36047057800
3,57900,181,047,36047057900
3,5800,621,047,36047005800
3,58000,252,047,36047058000
3,58200,192,047,36047058200
3,58400,357,047,36047058400
3,58600,168,047,36047058600
3,58800,317,047,36047058800
3,58900,262,047,36047058900
3,5900,263,047,36047005900
3,59000,140,047,36047059000
3,59100,649,047,36047059100
3,59200,357,047,36047059200
3,59300,337,047,36047059300
3,59401,751,047,36047059401
3,59402,597,047,36047059402
3,59600,322,047,36047059600
3,59800,400,047,36047059800
3,6000,510,047,36047006000
3,60000,683,047,36047060000
3,60600,278,047,36047060600
3,60800,329,047,36047060800
3,61002,527,047,36047061002
3,61003,78,047,36047061003
3,61004,534,047,36047061004
3,61200,179,047,36047061200
3,61600,248,047,36047061600
3,6200,500,047,36047006200
3,62000,297,047,36047062000
3,62200,324,047,36047062200
3,62600,416,047,36047062600
3,62800,1550,047,36047062800
3,6300,436,047,36047006300
3,63200,354,047,36047063200
3,63600,305,047,36047063600
3,63800,335,047,36047063800
3,6400,663,047,36047006400
3,64000,373,047,36047064000
3,64200,308,047,36047064200
3,64400,344,047,36047064400
3,64600,400,047,36047064600
3,64800,384,047,36047064800
3,6500,1329,047,36047006500
3,65000,272,047,36047065000
3,65200,307,047,36047065200
3,65400,474,047,36047065400
3,65600,471,047,36047065600
3,65800,421,047,36047065800
3,6600,630,047,36047006600
3,66000,428,047,36047066000
3,66200,307,047,36047066200
3,6700,866,047,36047006700
3,67000,345,047,36047067000
3,67200,204,047,36047067200
3,67400,367,047,36047067400
3,67600,307,047,36047067600
3,67800,408,047,36047067800
3,6800,720,047,36047006800
3,68000,344,047,36047068000
3,68200,391,047,36047068200
3,68600,277,047,36047068600
3,68800,361,047,36047068800
3,6900,843,047,36047006900
3,69000,378,047,36047069000
3,69200,434,047,36047069200
3,69601,437,047,36047069601
3,69602,841,047,36047069602
3,69800,274,047,36047069800
3,700,837,047,36047000700
3,7000,497,047,36047007000
3,70000,359,047,36047070000
3,70201,947,047,36047070201
3,70202,2,047,36047070202
3,70600,536,047,36047070600
3,7100,700,047,36047007100
3,7200,143,047,36047007200
3,72000,265,047,36047072000
3,72200,515,047,36047072200
3,72400,325,047,36047072400
3,72600,428,047,36047072600
3,72800,845,047,36047072800
3,73000,446,047,36047073000
3,73200,363,047,36047073200
3,73400,311,047,36047073400
3,73600,445,047,36047073600
3,73800,409,047,36047073800
3,7400,378,047,36047007400
3,74000,306,047,36047074000
3,74200,343,047,36047074200
3,74400,311,047,36047074400
3,74600,255,047,36047074600
3,74800,311,047,36047074800
3,7500,1038,047,36047007500
3,75000,364,047,36047075000
3,75200,114,047,36047075200
3,75400,262,047,36047075400
3,75600,284,047,36047075600
3,75800,293,047,36047075800
3,7600,333,047,36047007600
3,76000,311,047,36047076000
3,76200,371,047,36047076200
3,76400,530,047,36047076400
3,76600,328,047,36047076600
3,76800,398,047,36047076800
3,7700,1018,047,36047007700
3,77000,436,047,36047077000
3,77200,486,047,36047077200
3,77400,360,047,36047077400
3,77600,646,047,36047077600
3,7800,371,047,36047007800
3,78000,537,047,36047078000
3,78200,630,047,36047078200
3,78400,415,047,36047078400
3,78600,646,047,36047078600
3,78800,443,047,36047078800
3,79000,661,047,36047079000
3,79200,463,047,36047079200
3,79400,307,047,36047079400
3,79601,861,047,36047079601
3,79602,842,047,36047079602
3,79801,734,047,36047079801
3,79802,1055,047,36047079802
3,8000,465,047,36047008000
3,80000,801,047,36047080000
3,80200,909,047,36047080200
3,80400,549,047,36047080400
3,80600,396,047,36047080600
3,80800,133,047,36047080800
3,81000,332,047,36047081000
3,81400,460,047,36047081400
3,81600,374,047,36047081600
3,81800,787,047,36047081800
3,8200,407,047,36047008200
3,82000,798,047,36047082000
3,82200,1181,047,36047082200
3,82400,659,047,36047082400
3,82600,734,047,36047082600
3,82800,446,047,36047082800
3,83000,783,047,36047083000
3,83200,442,047,36047083200
3,83400,412,047,36047083400
3,83600,337,047,36047083600
3,83800,503,047,36047083800
3,8400,363,047,36047008400
3,84000,446,047,36047084000
3,84600,369,047,36047084600
3,84800,326,047,36047084800
3,8500,793,047,36047008500
3,85000,323,047,36047085000
3,85400,333,047,36047085400
3,85600,659,047,36047085600
3,85800,337,047,36047085800
3,86000,455,047,36047086000
3,86200,385,047,36047086200
3,86400,328,047,36047086400
3,86600,442,047,36047086600
3,86800,421,047,36047086800
3,87000,480,047,36047087000
3,87200,533,047,36047087200
3,87401,485,047,36047087401
3,87600,248,047,36047087600
3,87800,308,047,36047087800
3,8800,387,047,36047008800
3,88000,460,047,36047088000
3,88200,967,047,36047088200
3,88400,566,047,36047088400
3,88600,569,047,36047088600
3,88800,513,047,36047088800
3,89000,640,047,36047089000
3,89200,378,047,36047089200
3,89400,477,047,36047089400
3,89600,372,047,36047089600
3,89800,291,047,36047089800
3,900,986,047,36047000900
3,9000,155,047,36047009000
3,90000,596,047,36047090000
3,90200,380,047,36047090200
3,90600,342,047,36047090600
3,90800,421,047,36047090800
3,91000,651,047,36047091000
3,91200,640,047,36047091200
3,91600,528,047,36047091600
3,91800,461,047,36047091800
3,9200,372,047,36047009200
3,92000,551,047,36047092000
3,92200,765,047,36047092200
3,92400,331,047,36047092400
3,92800,418,047,36047092800
3,93000,479,047,36047093000
3,93200,254,047,36047093200
3,93400,443,047,36047093400
3,93600,319,047,36047093600
3,93800,366,047,36047093800
3,9400,270,047,36047009400
3,94401,642,047,36047094401
3,94402,429,047,36047094402
3,94600,359,047,36047094600
3,95000,476,047,36047095000
3,95400,781,047,36047095400
3,95600,674,047,36047095600
3,95800,449,047,36047095800
3,9600,548,047,36047009600
3,96000,1,047,36047096000
3,96200,243,047,36047096200
3,96400,296,047,36047096400
3,96600,319,047,36047096600
3,96800,187,047,36047096800
3,97000,286,047,36047097000
3,97400,311,047,36047097400
3,9800,284,047,36047009800
3,98200,593,047,36047098200
3,98400,294,047,36047098400
3,98600,437,047,36047098600
3,98800,432,047,36047098800
3,99000,193,047,36047099000
3,99200,241,047,36047099200
3,99400,320,047,36047099400
3,99600,612,047,36047099600
3,99800,577,047,36047099800
4,100,1337,081,36081000100
4,1000,257,081,36081001000
4,10000,242,081,36081010000
4,100801,384,081,36081100801
4,100802,843,081,36081100802
4,10100,500,081,36081010100
4,101001,982,081,36081101001
4,101002,547,081,36081101002
4,101700,1351,081,36081101700
4,10200,230,081,36081010200
4,102900,453,081,36081102900
4,10300,689,081,36081010300
4,103201,482,081,36081103201
4,103202,557,081,36081103202
4,103300,692,081,36081103300
4,103900,961,081,36081103900
4,10400,225,081,36081010400
4,104700,942,081,36081104700
4,10500,609,081,36081010500
4,105900,658,081,36081105900
4,10600,221,081,36081010600
4,107201,755,081,36081107201
4,10800,132,081,36081010800
4,108500,463,081,36081108500
4,109300,670,081,36081109300
4,109700,411,081,36081109700
4,109900,561,081,36081109900
4,11000,195,081,36081011000
4,11100,447,081,36081011100
4,111300,499,081,36081111300
4,11200,143,081,36081011200
4,112300,260,081,36081112300
4,112900,421,081,36081112900
4,11300,538,081,36081011300
4,113300,325,081,36081113300
4,113900,554,081,36081113900
4,11400,82,081,36081011400
4,114100,663,081,36081114100
4,114700,381,081,36081114700
4,11500,391,081,36081011500
4,115100,238,081,36081115100
4,115500,175,081,36081115500
4,115700,278,081,36081115700
4,115900,319,081,36081115900
4,11600,161,081,36081011600
4,116100,274,081,36081116100
4,116300,392,081,36081116300
4,116700,89,081,36081116700
4,11700,588,081,36081011700
4,117100,226,081,36081117100
4,117500,630,081,36081117500
4,11800,167,081,36081011800
4,118100,188,081,36081118100
4,118500,113,081,36081118500
4,118700,162,081,36081118700
4,118900,136,081,36081118900
4,11900,279,081,36081011900
4,119100,173,081,36081119100
4,119300,233,081,36081119300
4,119500,206,081,36081119500
4,119900,148,081,36081119900
4,1200,451,081,36081001200
4,12000,93,081,36081012000
4,120100,111,081,36081120100
4,120300,121,081,36081120300
4,120500,191,081,36081120500
4,120700,381,081,36081120700
4,12100,389,081,36081012100
4,121500,359,081,36081121500
4,12200,180,081,36081012200
4,122300,398,081,36081122300
4,122701,1526,081,36081122701
4,122702,807,081,36081122702
4,12301,467,081,36081012301
4,12400,191,081,36081012400
4,124100,468,081,36081124100
4,124700,424,081,36081124700
4,12500,274,081,36081012500
4,125700,357,081,36081125700
4,12601,160,081,36081012601
4,12602,204,081,36081012602
4,126500,216,081,36081126500
4,126700,246,081,36081126700
4,127700,551,081,36081127700
4,12800,290,081,36081012800
4,129102,801,081,36081129102
4,129103,946,081,36081129103
4,129104,894,081,36081129104
4,13000,205,081,36081013000
4,130100,817,081,36081130100
4,13200,214,081,36081013200
4,133300,610,081,36081133300
4,133900,223,081,36081133900
4,13400,673,081,36081013400
4,134100,405,081,36081134100
4,134700,1203,081,36081134700
4,13500,235,081,36081013500
4,13600,283,081,36081013600
4,136700,905,081,36081136700
4,13700,220,081,36081013700
4,137700,683,081,36081137700
4,13800,504,081,36081013800
4,138501,429,081,36081138501
4,139900,300,081,36081139900
4,1400,323,081,36081001400
4,14000,363,081,36081014000
4,140300,332,081,36081140300
4,140901,157,081,36081140901
4,140902,342,081,36081140902
4,14100,188,081,36081014100
4,141700,670,081,36081141700
4,14201,262,081,36081014201
4,14202,117,081,36081014202
4,142900,537,081,36081142900
4,14300,419,081,36081014300
4,143500,304,081,36081143500
4,14400,124,081,36081014400
4,144100,463,081,36081144100
4,144700,369,081,36081144700
4,14500,248,081,36081014500
4,145101,210,081,36081145101
4,145102,328,081,36081145102
4,145900,460,081,36081145900
4,146300,316,081,36081146300
4,146700,331,081,36081146700
4,14700,459,081,36081014700
4,147100,449,081,36081147100
4,147900,842,081,36081147900
4,14800,131,081,36081014800
4,148300,736,081,36081148300
4,14900,304,081,36081014900
4,15000,179,081,36081015000
4,150701,748,081,36081150701
4,150702,626,081,36081150702
4,15100,341,081,36081015100
4,15200,176,081,36081015200
4,152901,1028,081,36081152901
4,152902,1131,081,36081152902
4,15300,277,081,36081015300
4,15400,161,081,36081015400
4,15500,274,081,36081015500
4,155101,1014,081,36081155101
4,155102,1357,081,36081155102
4,15600,185,081,36081015600
4,156700,68,081,36081156700
4,15700,150,081,36081015700
4,157101,1293,081,36081157101
4,157102,271,081,36081157102
4,157901,949,081,36081157901
4,157902,719,081,36081157902
4,157903,734,081,36081157903
4,15801,257,081,36081015801
4,15802,257,081,36081015802
4,15900,494,081,36081015900
4,1600,286,081,36081001600
4,16100,169,081,36081016100
4,161700,998,081,36081161700
4,162100,942,081,36081162100
4,16300,573,081,36081016300
4,16400,228,081,36081016400
4,16600,231,081,36081016600
4,16800,185,081,36081016800
4,16900,1084,081,36081016900
4,17000,266,081,36081017000
4,17100,2,081,36081017100
4,17200,222,081,36081017200
4,17400,220,081,36081017400
4,17600,190,081,36081017600
4,17800,168,081,36081017800
4,17900,134,081,36081017900
4,1800,336,081,36081001800
4,18000,79,081,36081018000
4,18101,558,081,36081018101
4,18102,764,081,36081018102
4,18200,236,081,36081018200
4,18300,1080,081,36081018300
4,18401,271,081,36081018401
4,18402,271,081,36081018402
4,18501,625,081,36081018501
4,18502,560,081,36081018502
4,18600,220,081,36081018600
4,18700,418,081,36081018700
4,18800,171,081,36081018800
4,18900,531,081,36081018900
4,1900,415,081,36081001900
4,19000,273,081,36081019000
4,19200,289,081,36081019200
4,19400,333,081,36081019400
4,19600,274,081,36081019600
4,19800,250,081,36081019800
4,200,255,081,36081000200
4,2000,189,081,36081002000
4,20200,130,081,36081020200
4,20400,196,081,36081020400
4,20500,95,081,36081020500
4,20600,109,081,36081020600
4,20800,213,081,36081020800
4,21200,113,081,36081021200
4,21400,489,081,36081021400
4,21600,622,081,36081021600
4,21900,2,081,36081021900
4,2200,237,081,36081002200
4,22001,790,081,36081022001
4,22002,609,081,36081022002
4,23000,171,081,36081023000
4,23200,547,081,36081023200
4,23500,674,081,36081023500
4,23600,323,081,36081023600
4,23800,370,081,36081023800
4,2400,244,081,36081002400
4,24000,481,081,36081024000
4,24300,537,081,36081024300
4,24500,1096,081,36081024500
4,24700,104,081,36081024700
4,24900,599,081,36081024900
4,2500,1168,081,36081002500
4,25100,894,081,36081025100
4,25301,608,081,36081025301
4,25302,352,081,36081025302
4,25400,1050,081,36081025400
4,25500,194,081,36081025500
4,25700,184,081,36081025700
4,25800,263,081,36081025800
4,25900,358,081,36081025900
4,2600,283,081,36081002600
4,26000,259,081,36081026000
4,26100,583,081,36081026100
4,26200,172,081,36081026200
4,26300,408,081,36081026300
4,26400,371,081,36081026400
4,26500,296,081,36081026500
4,26600,327,081,36081026600
4,26700,383,081,36081026700
4,26901,322,081,36081026901
4,26902,284,081,36081026902
4,27000,201,081,36081027000
4,27100,567,081,36081027100
4,27200,186,081,36081027200
4,27300,583,081,36081027300
4,27400,235,081,36081027400
4,27500,520,081,36081027500
4,27600,162,081,36081027600
4,27700,653,081,36081027700
4,27800,409,081,36081027800
4,27900,798,081,36081027900
4,2800,234,081,36081002800
4,28000,261,081,36081028000
4,28100,918,081,36081028100
4,28200,285,081,36081028200
4,28300,1166,081,36081028300
4,28400,624,081,36081028400
4,28500,1094,081,36081028500
4,28700,1141,081,36081028700
4,28800,666,081,36081028800
4,28900,717,081,36081028900
4,29100,791,081,36081029100
4,29300,112,081,36081029300
4,29400,1111,081,36081029400
4,29500,690,081,36081029500
4,29700,246,081,36081029700
4,29900,1,081,36081029900
4,3000,169,081,36081003000
4,30600,628,081,36081030600
4,30902,678,081,36081030902
4,30903,497,081,36081030903
4,30904,346,081,36081030904
4,3100,139,081,36081003100
4,31700,833,081,36081031700
4,3200,122,081,36081003200
4,32000,608,081,36081032000
4,32700,247,081,36081032700
4,32800,451,081,36081032800
4,32900,277,081,36081032900
4,3300,340,081,36081003300
4,33000,1036,081,36081033000
4,33401,531,081,36081033401
4,33402,3753,081,36081033402
4,33700,185,081,36081033700
4,33900,294,081,36081033900
4,3400,165,081,36081003400
4,34700,285,081,36081034700
4,35100,437,081,36081035100
4,35200,454,081,36081035200
4,35300,196,081,36081035300
4,35700,561,081,36081035700
4,35800,649,081,36081035800
4,3600,260,081,36081003600
4,36100,238,081,36081036100
4,36300,149,081,36081036300
4,36500,214,081,36081036500
4,36600,550,081,36081036600
4,36700,339,081,36081036700
4,36800,473,081,36081036800
4,3700,1,081,36081003700
4,37100,206,081,36081037100
4,37300,209,081,36081037300
4,37500,201,081,36081037500
4,37600,1113,081,36081037600
4,37700,189,081,36081037700
4,37900,254,081,36081037900
4,3800,190,081,36081003800
4,38100,415,081,36081038100
4,38400,467,081,36081038400
4,3900,94,081,36081003900
4,39400,545,081,36081039400
4,39800,286,081,36081039800
4,39900,115,081,36081039900
4,400,317,081,36081000400
4,40000,245,081,36081040000
4,4001,193,081,36081004001
4,4002,72,081,36081004002
4,40100,218,081,36081040100
4,40200,285,081,36081040200
4,40300,189,081,36081040300
4,40400,706,081,36081040400
4,40500,95,081,36081040500
4,40700,320,081,36081040700
4,40900,183,081,36081040900
4,41100,150,081,36081041100
4,41300,177,081,36081041300
4,41400,615,081,36081041400
4,41500,167,081,36081041500
4,4200,277,081,36081004200
4,42400,635,081,36081042400
4,42600,30,081,36081042600
4,42700,227,081,36081042700
4,4300,395,081,36081004300
4,43200,288,081,36081043200
4,43400,341,081,36081043400
4,43701,264,081,36081043701
4,43702,499,081,36081043702
4,43900,182,081,36081043900
4,44000,355,081,36081044000
4,4401,276,081,36081004401
4,44301,283,081,36081044301
4,44302,314,081,36081044302
4,44400,192,081,36081044400
4,44601,349,081,36081044601
4,44602,468,081,36081044602
4,44800,286,081,36081044800
4,4500,811,081,36081004500
4,45000,185,081,36081045000
4,45200,129,081,36081045200
4,45400,582,081,36081045400
4,45500,1480,081,36081045500
4,45600,149,081,36081045600
4,45700,206,081,36081045700
4,45800,254,081,36081045800
4,45900,179,081,36081045900
4,46000,554,081,36081046000
4,46100,113,081,36081046100
4,46200,531,081,36081046200
4,46300,166,081,36081046300
4,46400,252,081,36081046400
4,46500,123,081,36081046500
4,46600,490,081,36081046600
4,46700,337,081,36081046700
4,46800,331,081,36081046800
4,46900,570,081,36081046900
4,4700,551,081,36081004700
4,47000,241,081,36081047000
4,47100,264,081,36081047100
4,47200,523,081,36081047200
4,47300,306,081,36081047300
4,47500,360,081,36081047500
4,47600,245,081,36081047600
4,47800,988,081,36081047800
4,47900,416,081,36081047900
4,48000,203,081,36081048000
4,48100,345,081,36081048100
4,48200,203,081,36081048200
4,48300,266,081,36081048300
4,48400,472,081,36081048400
4,48500,314,081,36081048500
4,48900,105,081,36081048900
4,49200,769,081,36081049200
4,49301,249,081,36081049301
4,49302,354,081,36081049302
4,49500,198,081,36081049500
4,49600,431,081,36081049600
4,49700,371,081,36081049700
4,49900,381,081,36081049900
4,5000,1,081,36081005000
4,50000,425,081,36081050000
4,50201,205,081,36081050201
4,50202,259,081,36081050202
4,50400,284,081,36081050400
4,50500,131,081,36081050500
4,50600,280,081,36081050600
4,50700,552,081,36081050700
4,50800,383,081,36081050800
4,5100,253,081,36081005100
4,51000,268,081,36081051000
4,51100,312,081,36081051100
4,51200,472,081,36081051200
4,51300,319,081,36081051300
4,51500,530,081,36081051500
4,51600,371,081,36081051600
4,51700,285,081,36081051700
4,51800,366,081,36081051800
4,5200,211,081,36081005200
4,52000,297,081,36081052000
4,52100,238,081,36081052100
4,52200,284,081,36081052200
4,52400,309,081,36081052400
4,52500,229,081,36081052500
4,52600,280,081,36081052600
4,52800,296,081,36081052800
4,5300,746,081,36081005300
4,53000,388,081,36081053000
4,53100,273,081,36081053100
4,53200,362,081,36081053200
4,53401,387,081,36081053401
4,53500,71,081,36081053500
4,53601,292,081,36081053601
4,53800,248,081,36081053800
4,53900,439,081,36081053900
4,5400,550,081,36081005400
4,54000,512,081,36081054000
4,54200,573,081,36081054200
4,54500,293,081,36081054500
4,54700,287,081,36081054700
4,54800,258,081,36081054800
4,54900,273,081,36081054900
4,5500,108,081,36081005500
4,55100,351,081,36081055100
4,55200,346,081,36081055200
4,55300,215,081,36081055300
4,55400,304,081,36081055400
4,55500,185,081,36081055500
4,55600,244,081,36081055600
4,55700,360,081,36081055700
4,55800,244,081,36081055800
4,55900,78,081,36081055900
4,56000,261,081,36081056000
4,56100,1,081,36081056100
4,56200,256,081,36081056200
4,56400,150,081,36081056400
4,56500,106,081,36081056500
4,56600,180,081,36081056600
4,56700,651,081,36081056700
4,56800,646,081,36081056800
4,5700,556,081,36081005700
4,57700,397,081,36081057700
4,57900,171,081,36081057900
4,5800,739,081,36081005800
4,58000,607,081,36081058000
4,58100,375,081,36081058100
4,58200,713,081,36081058200
4,58300,370,081,36081058300
4,58500,354,081,36081058500
4,58700,288,081,36081058700
4,58900,291,081,36081058900
4,5900,645,081,36081005900
4,59000,241,081,36081059000
4,59100,429,081,36081059100
4,59200,268,081,36081059200
4,59300,301,081,36081059300
4,59400,417,081,36081059400
4,59500,415,081,36081059500
4,59600,357,081,36081059600
4,59800,350,081,36081059800
4,59900,273,081,36081059900
4,600,260,081,36081000600
4,60000,270,081,36081060000
4,60100,230,081,36081060100
4,60300,210,081,36081060300
4,60600,318,081,36081060600
4,60800,304,081,36081060800
4,6100,857,081,36081006100
4,61000,286,081,36081061000
4,61200,454,081,36081061200
4,61301,488,081,36081061301
4,61400,315,081,36081061400
4,61601,592,081,36081061601
4,61602,283,081,36081061602
4,61800,419,081,36081061800
4,61900,384,081,36081061900
4,62000,433,081,36081062000
4,6201,906,081,36081006201
4,6202,894,081,36081006202
4,62100,435,081,36081062100
4,62200,525,081,36081062200
4,62300,267,081,36081062300
4,62500,403,081,36081062500
4,62600,487,081,36081062600
4,62700,329,081,36081062700
4,62900,333,081,36081062900
4,6300,879,081,36081006300
4,63000,402,081,36081063000
4,63200,478,081,36081063200
4,63301,289,081,36081063301
4,63302,376,081,36081063302
4,63500,462,081,36081063500
4,63700,689,081,36081063700
4,63800,575,081,36081063800
4,63900,499,081,36081063900
4,64101,460,081,36081064101
4,64500,353,081,36081064500
4,64600,668,081,36081064600
4,65000,588,081,36081065000
4,6501,532,081,36081006501
4,6502,464,081,36081006502
4,65400,426,081,36081065400
4,65600,666,081,36081065600
4,65702,305,081,36081065702
4,65703,608,081,36081065703
4,65900,390,081,36081065900
4,66000,522,081,36081066000
4,66100,398,081,36081066100
4,66300,668,081,36081066300
4,66400,1452,081,36081066400
4,66501,646,081,36081066501
4,66701,532,081,36081066701
4,66900,352,081,36081066900
4,67100,646,081,36081067100
4,67700,501,081,36081067700
4,67900,499,081,36081067900
4,68000,939,081,36081068000
4,68200,229,081,36081068200
4,68300,469,081,36081068300
4,68700,479,081,36081068700
4,6900,615,081,36081006900
4,69000,516,081,36081069000
4,69300,309,081,36081069300
4,69400,463,081,36081069400
4,69500,316,081,36081069500
4,69701,399,081,36081069701
4,69702,447,081,36081069702
4,700,1080,081,36081000700
4,70300,344,081,36081070300
4,70700,530,081,36081070700
4,70900,373,081,36081070900
4,7100,562,081,36081007100
4,71100,958,081,36081071100
4,71303,783,081,36081071303
4,71304,590,081,36081071304
4,71305,712,081,36081071305
4,71306,678,081,36081071306
4,71701,511,081,36081071701
4,71702,488,081,36081071702
4,71900,172,081,36081071900
4,72100,547,081,36081072100
4,72300,429,081,36081072300
4,72900,244,081,36081072900
4,7300,792,081,36081007300
4,73100,288,081,36081073100
4,73700,317,081,36081073700
4,73900,1042,081,36081073900
4,74100,569,081,36081074100
4,74300,328,081,36081074300
4,74500,344,081,36081074500
4,74700,387,081,36081074700
4,74900,380,081,36081074900
4,7500,737,081,36081007500
4,75701,892,081,36081075701
4,75702,935,081,36081075702
4,76901,707,081,36081076901
4,76902,154,081,36081076902
4,7700,167,081,36081007700
4,77300,390,081,36081077300
4,77500,330,081,36081077500
4,77902,717,081,36081077902
4,77903,295,081,36081077903
4,77904,564,081,36081077904
4,77905,480,081,36081077905
4,77906,402,081,36081077906
4,77907,312,081,36081077907
4,77908,235,081,36081077908
4,78800,266,081,36081078800
4,7900,387,081,36081007900
4,79000,265,081,36081079000
4,79200,326,081,36081079200
4,79701,562,081,36081079701
4,79702,198,081,36081079702
4,79900,185,081,36081079900
4,800,281,081,36081000800
4,80301,226,081,36081080301
4,80302,336,081,36081080302
4,80900,864,081,36081080900
4,8100,152,081,36081008100
4,81400,386,081,36081081400
4,81800,352,081,36081081800
4,8300,351,081,36081008300
4,83700,354,081,36081083700
4,83800,442,081,36081083800
4,84000,446,081,36081084000
4,84500,527,081,36081084500
4,84601,189,081,36081084601
4,84602,86,081,36081084602
4,84900,311,081,36081084900
4,8500,65,081,36081008500
4,85300,321,081,36081085300
4,85500,492,081,36081085500
4,85700,396,081,36081085700
4,85900,333,081,36081085900
4,8600,366,081,36081008600
4,86100,155,081,36081086100
4,86300,397,081,36081086300
4,86400,184,081,36081086400
4,86500,396,081,36081086500
4,86900,45,081,36081086900
4,8700,653,081,36081008700
4,87100,239,081,36081087100
4,8800,411,081,36081008800
4,88400,1757,081,36081088400
4,88901,1190,081,36081088901
4,89200,1939,081,36081089200
4,90700,151,081,36081090700
4,9100,321,081,36081009100
4,91601,1908,081,36081091601
4,91602,2,081,36081091602
4,91800,8,081,36081091800
4,91900,485,081,36081091900
4,92200,673,081,36081092200
4,92500,252,081,36081092500
4,92800,1162,081,36081092800
4,92900,609,081,36081092900
4,93401,1142,081,36081093401
4,93402,807,081,36081093402
4,93800,1007,081,36081093800
4,93900,514,081,36081093900
4,9400,170,081,36081009400
4,94201,451,081,36081094201
4,94202,612,081,36081094202
4,94203,1210,081,36081094203
4,94500,625,081,36081094500
4,94700,202,081,36081094700
4,9500,399,081,36081009500
4,95400,607,081,36081095400
4,9600,259,081,36081009600
4,96400,659,081,36081096400
4,9700,651,081,36081009700
4,97202,308,081,36081097202
4,97203,668,081,36081097203
4,97204,425,081,36081097204
4,97300,500,081,36081097300
4,9800,122,081,36081009800
4,98100,438,081,36081098100
4,98700,513,081,36081098700
4,99100,1716,081,36081099100
4,99200,345,081,36081099200
4,99701,672,081,36081099701
4,99703,852,081,36081099703
4,99704,1734,081,36081099704
4,99705,393,081,36081099705
4,99801,866,081,36081099801
4,99802,614,081,36081099802
5,10500,1037,085,36085010500
5,1100,557,085,36085001100
5,11201,970,085,36085011201
5,11202,1007,085,36085011202
5,11401,616,085,36085011401
5,11402,857,085,36085011402
5,12100,1280,085,36085012100
5,12200,1187,085,36085012200
5,12500,576,085,36085012500
5,12804,749,085,36085012804
5,12805,549,085,36085012805
5,12806,1085,085,36085012806
5,13201,572,085,36085013201
5,13203,1579,085,36085013203
5,13204,1415,085,36085013204
5,13301,159,085,36085013301
5,13302,360,085,36085013302
5,13400,1098,085,36085013400
5,13800,2037,085,36085013800
5,14100,424,085,36085014100
5,14604,1825,085,36085014604
5,14605,1187,085,36085014605
5,14606,1565,085,36085014606
5,14607,1073,085,36085014607
5,14608,932,085,36085014608
5,14700,1243,085,36085014700
5,15100,1628,085,36085015100
5,15601,2093,085,36085015601
5,15602,1202,085,36085015602
5,15603,1024,085,36085015603
5,16901,721,085,36085016901
5,1700,269,085,36085001700
5,17005,1188,085,36085017005
5,17007,813,085,36085017007
5,17008,1888,085,36085017008
5,17009,1174,085,36085017009
5,17010,2024,085,36085017010
5,17011,1173,085,36085017011
5,17012,1171,085,36085017012
5,17300,382,085,36085017300
5,17600,1298,085,36085017600
5,17700,1716,085,36085017700
5,1800,26,085,36085001800
5,18100,856,085,36085018100
5,18701,444,085,36085018701
5,18702,1288,085,36085018702
5,18901,1514,085,36085018901
5,18902,976,085,36085018902
5,19700,681,085,36085019700
5,19800,1394,085,36085019800
5,2001,445,085,36085002001
5,2002,620,085,36085002002
5,20100,914,085,36085020100
5,20700,667,085,36085020700
5,20801,1986,085,36085020801
5,20803,1625,085,36085020803
5,20804,1521,085,36085020804
5,2100,666,085,36085002100
5,21300,856,085,36085021300
5,22300,396,085,36085022300
5,22600,1530,085,36085022600
5,22800,13,085,36085022800
5,23100,638,085,36085023100
5,23900,439,085,36085023900
5,24401,1567,085,36085024401
5,24402,1045,085,36085024402
5,24700,480,085,36085024700
5,24800,1136,085,36085024800
5,25100,1721,085,36085025100
5,2700,156,085,36085002700
5,27301,781,085,36085027301
5,27302,687,085,36085027302
5,27702,1114,085,36085027702
5,27704,610,085,36085027704
5,27705,736,085,36085027705
5,27706,431,085,36085027706
5,27900,521,085,36085027900
5,2900,604,085,36085002900
5,29102,652,085,36085029102
5,29103,1433,085,36085029103
5,29104,1422,085,36085029104
5,300,497,085,36085000300
5,30301,856,085,36085030301
5,30302,956,085,36085030302
5,31901,397,085,36085031901
5,31902,644,085,36085031902
5,32300,175,085,36085032300
5,3300,700,085,36085003300
5,3600,346,085,36085003600
5,3900,468,085,36085003900
5,4000,1771,085,36085004000
5,4700,615,085,36085004700
5,5000,747,085,36085005000
5,5900,798,085,36085005900
5,600,552,085,36085000600
5,6400,596,085,36085006400
5,6700,960,085,36085006700
5,700,889,085,36085000700
5,7000,1292,085,36085007000
5,7400,468,085,36085007400
5,7500,571,085,36085007500
5,7700,237,085,36085007700
5,800,849,085,36085000800
5,8100,923,085,36085008100
5,900,370,085,36085000900
5,9601,823,085,36085009601
5,9602,702,085,36085009602
5,9700,1013,085,36085009700
